metric,sdv_mean,sdv_sd,dp_mean,dp_sd
Quality (fidelity),0.8765099999999998,0.005930052920353321,0.881459,0.03736691922357671
Cust. column shapes,0.936961,0.003189820334884743,0.9236019999999999,0.002968663134143062
Cust. pair trends,0.7320145000000001,0.009246182955481207,0.831268,0.013454019070364389
Txn. column shapes,0.8645390000000001,0.0019383148148863856,0.8467655,0.002902547789157265
Diagnostic (ref. integ.),0.9997499999999999,0.0008601156869717389,0.9995890000000002,0.00015459137253519208
Privacy (MIA AUC),0.4987538533333334,0.009013728637588292,0.49426753583333344,0.009485026334591836
